<?xml version="1.0" encoding="UTF-8"?>
<!DOCTYPE mapper PUBLIC "-//mybatis.org//DTD Mapper 3.0//EN" "http://mybatis.org/dtd/mybatis-3-mapper.dtd">
<mapper namespace="com.tuling.tulingmall.open.mapper.HisRequestMapper">
    <resultMap id="BaseResultMap" type="com.tuling.tulingmall.open.entity.HisRequest" >
        <id column="transId" property="transId" jdbcType="VARCHAR" />
        <result column="reqBody" property="reqBody" jdbcType="VARCHAR" />
        <result column="rspBody" property="rspBody" jdbcType="VARCHAR" />
        <result column="intime" property="intime" jdbcType="VARCHAR" />
        <result column="serviceCode" property="serviceCode" jdbcType="VARCHAR" />
        <result column="rsptime" property="rsptime" jdbcType="VARCHAR" />
        <result column="sysId" property="sysId" jdbcType="VARCHAR" />
    </resultMap>

    <insert id="add" parameterType="java.util.HashMap">
        insert into hisrequest
            (transId,reqBody,rspBody,intime,serviceCode)
        values
        (
            #{transId},
            #{reqbody},
            #{rspBody},
            #{inTime},
            #{serviceCode}
        )
    </insert>

    <insert id="addV2" parameterType="com.tuling.tulingmall.open.entity.GsHisInfo">
        insert into hisrequest
            (transId,reqBody,rspBody,intime,serviceCode)
        values
        (
            #{transId},
            #{reqbody},
            #{rspBody},
            #{inTime},
            #{serviceCode}
        )
    </insert>

    <!-- 查询所有 -->
    <select id="getAll" resultType="java.util.HashMap" parameterType="java.util.HashMap">
        select transId,reqBody,rspBody,intime,serviceCode
        from hisrequest
        where 1=1
        <if test="transId!=null and transId!=''">
            and transId=#{transId}
        </if>
        <if test="serviceCode!=null and serviceCode!=''">
            and serviceCode=#{serviceCode}
        </if>
        order by intime desc
        limit 100
    </select>

    <!-- 根据id查询 -->
    <select id="getById" resultType="java.util.HashMap" parameterType="java.util.HashMap">
        select transId,reqBody,rspBody,intime
        from hisrequest
        where
            transId = #{transId}
    </select>

    <!-- 查询单条记录 -->
    <select id="getSingleById" resultType="java.util.HashMap" parameterType="java.util.HashMap">
        select transId,reqBody,rspBody,intime
        from hisrequest
        where
            transId = #{transId}
          and serviceCode = #{serviceCode}
        LIMIT 0, 1
    </select>

    <!-- 更新响应记录 -->
    <update id="updateRespByTransId" parameterType="java.util.HashMap">
        update hisrequest set rspBody=#{rspBody}
        where transId = #{transId}
    </update>
    <!-- 更新响应记录 -->
    <update id="updateRespByTransIdV2" parameterType="com.tuling.tulingmall.open.entity.GsHisInfo">
        update hisrequest set rspBody=#{rspBody}
        where transId = #{transId}
    </update>

    <!-- 更新响应记录 -->
    <update id="updateRespByPK" parameterType="java.util.HashMap">
        update hisrequest set rspBody=#{rspBody}
        where transId = #{transId}
          and serviceCode = #{serviceCode}
    </update>
    <!-- 更新响应记录 -->
    <update id="updateRespByPKV2" parameterType="com.tuling.tulingmall.open.entity.GsHisInfo">
        update hisrequest set rspBody=#{rspBody}
        where transId = #{transId}
          and serviceCode = #{serviceCode}
    </update>

    <!-- 删除响应记录 -->
    <delete id="deleteByPK" parameterType="java.util.HashMap">
        delete from hisrequest
        where transId = #{transId}
          and serviceCode = #{serviceCode}
    </delete>
</mapper>