<?xml version="1.0" encoding="UTF-8"?>
<!DOCTYPE mapper PUBLIC "-//mybatis.org//DTD Mapper 3.0//EN" "http://mybatis.org/dtd/mybatis-3-mapper.dtd">
<mapper namespace="com.tuling.tulingmall.promotion.dao.SmsCouponHistoryDao">
    <resultMap id="couponHistoryDetailMap" type="com.tuling.tulingmall.promotion.domain.SmsCouponHistoryDetail"
               extends="com.tuling.tulingmall.promotion.mapper.SmsCouponHistoryMapper.BaseResultMap">
        <association property="coupon" resultMap="com.tuling.tulingmall.promotion.mapper.SmsCouponMapper.BaseResultMap" columnPrefix="c_">
        </association>
        <collection property="productRelationList" columnPrefix="cpr_" resultMap="com.tuling.tulingmall.promotion.mapper.SmsCouponProductRelationMapper.BaseResultMap">
        </collection>
        <collection property="categoryRelationList" columnPrefix="cpcr_" resultMap="com.tuling.tulingmall.promotion.mapper.SmsCouponProductCategoryRelationMapper.BaseResultMap">
        </collection>
    </resultMap>
    <select id="getDetailList" resultMap="couponHistoryDetailMap">
        SELECT
            ch.*,
            c.id c_id,
            c.name c_name,
            c.amount c_amount,
            c.min_point c_min_point,
            c.platform c_platform,
            c.start_time c_start_time,
            c.end_time c_end_time,
            c.note c_note,
            c.use_type c_use_type,
            c.type c_type,
            cpr.id cpr_id,cpr.product_id cpr_product_id,
            cpcr.id cpcr_id,cpcr.product_category_id cpcr_product_category_id
        FROM
            sms_coupon_history ch
            LEFT JOIN sms_coupon c ON ch.coupon_id = c.id
            LEFT JOIN sms_coupon_product_relation cpr ON cpr.coupon_id = c.id
            LEFT JOIN sms_coupon_product_category_relation cpcr ON cpcr.coupon_id = c.id
        WHERE ch.member_id = #{memberId}
        AND ch.use_status = 0
    </select>
</mapper>