<?xml version="1.0" encoding="UTF-8"?>
<configuration scan="true" scanPeriod="5 seconds">

    <!-- 控制台 Appender -->
    <appender name="STDOUT" class="ch.qos.logback.core.ConsoleAppender">
        <!-- 日志的格式化 -->
        <encoder class="ch.qos.logback.core.encoder.LayoutWrappingEncoder">
            <layout class="org.apache.skywalking.apm.toolkit.log.logback.v1.x.TraceIdPatternLogbackLayout">
                <Pattern>%d{yyyy-MM-dd HH:mm:ss.SSS} [%tid] [%thread] %-5level %logger{36} -%msg%n</Pattern>
            </layout>
        </encoder>
    </appender>

    <appender name="ASYNC" class="ch.qos.logback.classic.AsyncAppender">
        <discardingThreshold>0</discardingThreshold>
        <queueSize>1024</queueSize>
        <neverBlock>true</neverBlock>
        <appender-ref ref="STDOUT"/>
    </appender>

    <!-- add converter for %tid -->
    <conversionRule conversionWord="tid" converterClass="org.apache.skywalking.apm.toolkit.log.logback.v1.x.LogbackPatternConverter"/>
    <!-- add converter for %sw_ctx -->
    <conversionRule conversionWord="sw_ctx" converterClass="org.apache.skywalking.apm.toolkit.log.logback.v1.x.LogbackSkyWalkingContextPatternConverter"/>

    <appender name="LOGSTASH" class="net.logstash.logback.appender.LogstashTcpSocketAppender">
        <destination>192.168.65.25:9527</destination>
        <encoder class="net.logstash.logback.encoder.LoggingEventCompositeJsonEncoder">
            <providers>
                <timestamp>
                    <timeZone>UTC</timeZone>
                </timestamp>
                <pattern>
                    <pattern>
                        {
                        "level": "%level",
                        "tid": "%tid",
                        "skyWalkingContext": "%sw_ctx",
                        "thread": "%thread",
                        "class": "%logger{1.}:%L",
                        "message": "%message",
                        "stackTrace": "%exception{10}"
                        }
                    </pattern>
                </pattern>
            </providers>
        </encoder>
    </appender>


    <!-- 通过grpc上报日志到skywalking oap-->
    <appender name="grpc-log" class="org.apache.skywalking.apm.toolkit.log.logback.v1.x.log.GRPCLogClientAppender">
        <encoder class="ch.qos.logback.core.encoder.LayoutWrappingEncoder">
            <layout class="org.apache.skywalking.apm.toolkit.log.logback.v1.x.TraceIdPatternLogbackLayout">
                <Pattern>%d{yyyy-MM-dd HH:mm:ss.SSS} [%tid] [%thread] %-5level %logger{36} -%msg%n</Pattern>
            </layout>
        </encoder>
    </appender>

    <!-- 设置 Appender -->
    <root level="INFO">
        <appender-ref ref="ASYNC"/>
        <appender-ref ref="LOGSTASH"/>
        <appender-ref ref="grpc-log" />
    </root>



</configuration>