<?xml version="1.0" encoding="UTF-8"?>
<!DOCTYPE mapper PUBLIC "-//mybatis.org//DTD Mapper 3.0//EN" "http://mybatis.org/dtd/mybatis-3-mapper.dtd">
<mapper namespace="com.tuling.tulingmall.mapper.UmsMemberProductCategoryRelationMapper">
  <resultMap id="BaseResultMap" type="com.tuling.tulingmall.model.UmsMemberProductCategoryRelation">
    <id column="id" jdbcType="BIGINT" property="id" />
    <result column="member_id" jdbcType="BIGINT" property="memberId" />
    <result column="product_category_id" jdbcType="BIGINT" property="productCategoryId" />
  </resultMap>
  <sql id="Example_Where_Clause">
    <where>
      <foreach collection="oredCriteria" item="criteria" separator="or">
        <if test="criteria.valid">
          <trim prefix="(" prefixOverrides="and" suffix=")">
            <foreach collection="criteria.criteria" item="criterion">
              <choose>
                <when test="criterion.noValue">
                  and ${criterion.condition}
                </when>
                <when test="criterion.singleValue">
                  and ${criterion.condition} #{criterion.value}
                </when>
                <when test="criterion.betweenValue">
                  and ${criterion.condition} #{criterion.value} and #{criterion.secondValue}
                </when>
                <when test="criterion.listValue">
                  and ${criterion.condition}
                  <foreach close=")" collection="criterion.value" item="listItem" open="(" separator=",">
                    #{listItem}
                  </foreach>
                </when>
              </choose>
            </foreach>
          </trim>
        </if>
      </foreach>
    </where>
  </sql>
  <sql id="Update_By_Example_Where_Clause">
    <where>
      <foreach collection="example.oredCriteria" item="criteria" separator="or">
        <if test="criteria.valid">
          <trim prefix="(" prefixOverrides="and" suffix=")">
            <foreach collection="criteria.criteria" item="criterion">
              <choose>
                <when test="criterion.noValue">
                  and ${criterion.condition}
                </when>
                <when test="criterion.singleValue">
                  and ${criterion.condition} #{criterion.value}
                </when>
                <when test="criterion.betweenValue">
                  and ${criterion.condition} #{criterion.value} and #{criterion.secondValue}
                </when>
                <when test="criterion.listValue">
                  and ${criterion.condition}
                  <foreach close=")" collection="criterion.value" item="listItem" open="(" separator=",">
                    #{listItem}
                  </foreach>
                </when>
              </choose>
            </foreach>
          </trim>
        </if>
      </foreach>
    </where>
  </sql>
  <sql id="Base_Column_List">
    id, member_id, product_category_id
  </sql>
  <select id="selectByExample" parameterType="com.tuling.tulingmall.model.UmsMemberProductCategoryRelationExample" resultMap="BaseResultMap">
    select
    <if test="distinct">
      distinct
    </if>
    <include refid="Base_Column_List" />
    from ums_member_product_category_relation
    <if test="_parameter != null">
      <include refid="Example_Where_Clause" />
    </if>
    <if test="orderByClause != null">
      order by ${orderByClause}
    </if>
  </select>
  <select id="selectByPrimaryKey" parameterType="java.lang.Long" resultMap="BaseResultMap">
    select 
    <include refid="Base_Column_List" />
    from ums_member_product_category_relation
    where id = #{id,jdbcType=BIGINT}
  </select>
  <delete id="deleteByPrimaryKey" parameterType="java.lang.Long">
    delete from ums_member_product_category_relation
    where id = #{id,jdbcType=BIGINT}
  </delete>
  <delete id="deleteByExample" parameterType="com.tuling.tulingmall.model.UmsMemberProductCategoryRelationExample">
    delete from ums_member_product_category_relation
    <if test="_parameter != null">
      <include refid="Example_Where_Clause" />
    </if>
  </delete>
  <insert id="insert" parameterType="com.tuling.tulingmall.model.UmsMemberProductCategoryRelation">
    <selectKey keyProperty="id" order="AFTER" resultType="java.lang.Long">
      SELECT LAST_INSERT_ID()
    </selectKey>
    insert into ums_member_product_category_relation (member_id, product_category_id)
    values (#{memberId,jdbcType=BIGINT}, #{productCategoryId,jdbcType=BIGINT})
  </insert>
  <insert id="insertSelective" parameterType="com.tuling.tulingmall.model.UmsMemberProductCategoryRelation">
    <selectKey keyProperty="id" order="AFTER" resultType="java.lang.Long">
      SELECT LAST_INSERT_ID()
    </selectKey>
    insert into ums_member_product_category_relation
    <trim prefix="(" suffix=")" suffixOverrides=",">
      <if test="memberId != null">
        member_id,
      </if>
      <if test="productCategoryId != null">
        product_category_id,
      </if>
    </trim>
    <trim prefix="values (" suffix=")" suffixOverrides=",">
      <if test="memberId != null">
        #{memberId,jdbcType=BIGINT},
      </if>
      <if test="productCategoryId != null">
        #{productCategoryId,jdbcType=BIGINT},
      </if>
    </trim>
  </insert>
  <select id="countByExample" parameterType="com.tuling.tulingmall.model.UmsMemberProductCategoryRelationExample" resultType="java.lang.Long">
    select count(*) from ums_member_product_category_relation
    <if test="_parameter != null">
      <include refid="Example_Where_Clause" />
    </if>
  </select>
  <update id="updateByExampleSelective" parameterType="map">
    update ums_member_product_category_relation
    <set>
      <if test="record.id != null">
        id = #{record.id,jdbcType=BIGINT},
      </if>
      <if test="record.memberId != null">
        member_id = #{record.memberId,jdbcType=BIGINT},
      </if>
      <if test="record.productCategoryId != null">
        product_category_id = #{record.productCategoryId,jdbcType=BIGINT},
      </if>
    </set>
    <if test="_parameter != null">
      <include refid="Update_By_Example_Where_Clause" />
    </if>
  </update>
  <update id="updateByExample" parameterType="map">
    update ums_member_product_category_relation
    set id = #{record.id,jdbcType=BIGINT},
      member_id = #{record.memberId,jdbcType=BIGINT},
      product_category_id = #{record.productCategoryId,jdbcType=BIGINT}
    <if test="_parameter != null">
      <include refid="Update_By_Example_Where_Clause" />
    </if>
  </update>
  <update id="updateByPrimaryKeySelective" parameterType="com.tuling.tulingmall.model.UmsMemberProductCategoryRelation">
    update ums_member_product_category_relation
    <set>
      <if test="memberId != null">
        member_id = #{memberId,jdbcType=BIGINT},
      </if>
      <if test="productCategoryId != null">
        product_category_id = #{productCategoryId,jdbcType=BIGINT},
      </if>
    </set>
    where id = #{id,jdbcType=BIGINT}
  </update>
  <update id="updateByPrimaryKey" parameterType="com.tuling.tulingmall.model.UmsMemberProductCategoryRelation">
    update ums_member_product_category_relation
    set member_id = #{memberId,jdbcType=BIGINT},
      product_category_id = #{productCategoryId,jdbcType=BIGINT}
    where id = #{id,jdbcType=BIGINT}
  </update>
</mapper>